-- --------------------------------------------------------
-- Host:                         127.0.0.1
-- Server version:               8.0.24 - MySQL Community Server - GPL
-- Server OS:                    Win64
-- HeidiSQL Version:             12.10.0.7000
-- --------------------------------------------------------

/*!40101 SET @OLD_CHARACTER_SET_CLIENT=@@CHARACTER_SET_CLIENT */;
/*!40101 SET NAMES utf8 */;
/*!50503 SET NAMES utf8mb4 */;
/*!40103 SET @OLD_TIME_ZONE=@@TIME_ZONE */;
/*!40103 SET TIME_ZONE='+00:00' */;
/*!40014 SET @OLD_FOREIGN_KEY_CHECKS=@@FOREIGN_KEY_CHECKS, FOREIGN_KEY_CHECKS=0 */;
/*!40101 SET @OLD_SQL_MODE=@@SQL_MODE, SQL_MODE='NO_AUTO_VALUE_ON_ZERO' */;
/*!40111 SET @OLD_SQL_NOTES=@@SQL_NOTES, SQL_NOTES=0 */;

-- Dumping structure for table udarata_computers2.bids
CREATE TABLE IF NOT EXISTS `bids` (
  `id` int NOT NULL AUTO_INCREMENT,
  `product_id` int NOT NULL,
  `bid_amount` decimal(10,2) NOT NULL,
  `customer_id` int DEFAULT NULL,
  `status` int DEFAULT NULL,
  `created_at` timestamp NOT NULL DEFAULT CURRENT_TIMESTAMP,
  `updated_at` timestamp NOT NULL DEFAULT CURRENT_TIMESTAMP ON UPDATE CURRENT_TIMESTAMP,
  PRIMARY KEY (`id`)
) ENGINE=InnoDB AUTO_INCREMENT=9 DEFAULT CHARSET=utf8mb3 COLLATE=utf8_bin;

-- Dumping data for table udarata_computers2.bids: ~0 rows (approximately)

-- Dumping structure for table udarata_computers2.bitorders
CREATE TABLE IF NOT EXISTS `bitorders` (
  `id` bigint unsigned NOT NULL AUTO_INCREMENT,
  `customer_id` bigint unsigned NOT NULL,
  `address_line1` varchar(255) CHARACTER SET utf8 COLLATE utf8_bin NOT NULL,
  `address_line2` varchar(255) CHARACTER SET utf8 COLLATE utf8_bin DEFAULT NULL,
  `city` varchar(255) CHARACTER SET utf8 COLLATE utf8_bin NOT NULL,
  `postal_code` varchar(255) CHARACTER SET utf8 COLLATE utf8_bin NOT NULL,
  `additional_information` text CHARACTER SET utf8 COLLATE utf8_bin,
  `product_id` bigint unsigned NOT NULL,
  `product_name` varchar(255) CHARACTER SET utf8 COLLATE utf8_bin NOT NULL,
  `price` decimal(10,2) NOT NULL,
  `payment_status_id` bigint unsigned NOT NULL DEFAULT '1',
  `created_at` timestamp NULL DEFAULT NULL,
  `updated_at` timestamp NULL DEFAULT NULL,
  PRIMARY KEY (`id`)
) ENGINE=InnoDB AUTO_INCREMENT=8 DEFAULT CHARSET=utf8mb3 COLLATE=utf8_bin;

-- Dumping data for table udarata_computers2.bitorders: ~0 rows (approximately)

-- Dumping structure for table udarata_computers2.blogs
CREATE TABLE IF NOT EXISTS `blogs` (
  `id` int NOT NULL,
  `image` varchar(255) COLLATE utf8_bin DEFAULT NULL,
  `date` date DEFAULT NULL,
  `title` varchar(255) COLLATE utf8_bin DEFAULT NULL,
  `description` text COLLATE utf8_bin,
  `tag` varchar(100) COLLATE utf8_bin DEFAULT NULL,
  `created_at` timestamp NOT NULL DEFAULT CURRENT_TIMESTAMP,
  `updated_at` timestamp NOT NULL DEFAULT CURRENT_TIMESTAMP ON UPDATE CURRENT_TIMESTAMP
) ENGINE=InnoDB DEFAULT CHARSET=utf8mb3 COLLATE=utf8_bin;

-- Dumping data for table udarata_computers2.blogs: ~3 rows (approximately)
INSERT INTO `blogs` (`id`, `image`, `date`, `title`, `description`, `tag`, `created_at`, `updated_at`) VALUES
	(1, 'BlogImages/4fHTFBR3zRaElUeEto8D.png', '2025-04-22', 'Upgrade your Laptop', 'Upgrade your laptop with a new SSD!', 'Laptop,Repair', '2025-04-21 07:57:22', '2025-04-21 08:18:50'),
	(2, 'BlogImages/2ASQub7nDgvllLciMzNl.png', '2025-04-16', 'Upgrade your Pc', 'Upgrade your laptop with a new Casing', 'Destop', '2025-04-21 08:20:55', '2025-04-21 08:20:55'),
	(3, 'BlogImages/XJU0hWnNYl7rWixIQEm3.jpg', '2025-04-23', 'Update Laptop', 'Get New One', 'LapTop', '2025-04-21 08:25:20', '2025-04-21 08:25:20');

-- Dumping structure for table udarata_computers2.customers
CREATE TABLE IF NOT EXISTS `customers` (
  `id` int NOT NULL AUTO_INCREMENT,
  `username` varchar(255) CHARACTER SET utf8 COLLATE utf8_bin DEFAULT NULL,
  `password` varchar(255) CHARACTER SET utf8 COLLATE utf8_bin DEFAULT NULL,
  `fname` varchar(255) CHARACTER SET utf8 COLLATE utf8_bin DEFAULT NULL,
  `lname` varchar(255) CHARACTER SET utf8 COLLATE utf8_bin DEFAULT NULL,
  `phone` varchar(45) CHARACTER SET utf8 COLLATE utf8_bin NOT NULL,
  `email` varchar(255) CHARACTER SET utf8 COLLATE utf8_bin DEFAULT NULL,
  `created_at` timestamp NULL DEFAULT NULL,
  `updated_at` timestamp NULL DEFAULT NULL,
  PRIMARY KEY (`id`)
) ENGINE=InnoDB AUTO_INCREMENT=95 DEFAULT CHARSET=utf8mb3 COLLATE=utf8_bin;

-- Dumping data for table udarata_computers2.customers: ~0 rows (approximately)

-- Dumping structure for table udarata_computers2.failed_jobs
CREATE TABLE IF NOT EXISTS `failed_jobs` (
  `id` bigint unsigned NOT NULL AUTO_INCREMENT,
  `uuid` varchar(255) CHARACTER SET utf8 COLLATE utf8_bin NOT NULL,
  `connection` text CHARACTER SET utf8 COLLATE utf8_bin NOT NULL,
  `queue` text CHARACTER SET utf8 COLLATE utf8_bin NOT NULL,
  `payload` longtext CHARACTER SET utf8 COLLATE utf8_bin NOT NULL,
  `exception` longtext CHARACTER SET utf8 COLLATE utf8_bin NOT NULL,
  `failed_at` timestamp NOT NULL DEFAULT CURRENT_TIMESTAMP,
  PRIMARY KEY (`id`),
  UNIQUE KEY `failed_jobs_uuid_unique` (`uuid`)
) ENGINE=InnoDB DEFAULT CHARSET=utf8mb3 COLLATE=utf8_bin;

-- Dumping data for table udarata_computers2.failed_jobs: ~0 rows (approximately)

-- Dumping structure for table udarata_computers2.migrations
CREATE TABLE IF NOT EXISTS `migrations` (
  `id` int unsigned NOT NULL AUTO_INCREMENT,
  `migration` varchar(255) CHARACTER SET utf8 COLLATE utf8_bin NOT NULL,
  `batch` int NOT NULL,
  PRIMARY KEY (`id`)
) ENGINE=InnoDB AUTO_INCREMENT=27 DEFAULT CHARSET=utf8mb3 COLLATE=utf8_bin;

-- Dumping data for table udarata_computers2.migrations: ~26 rows (approximately)
INSERT INTO `migrations` (`id`, `migration`, `batch`) VALUES
	(1, '2014_10_12_000000_create_users_table', 1),
	(2, '2014_10_12_100000_create_password_reset_tokens_table', 1),
	(3, '2019_08_19_000000_create_failed_jobs_table', 1),
	(4, '2019_12_14_000001_create_personal_access_tokens_table', 1),
	(5, '2025_01_29_080424_create_agents_table', 2),
	(6, '2025_01_30_082217_create_estimators_table', 2),
	(7, '2025_01_30_082304_create_draftmens_table', 2),
	(8, '2025_02_05_110509_create_agentlistings_table', 2),
	(9, '2025_02_05_123232_create_draftmen_new_plans_table', 3),
	(10, '2025_02_06_134225_create_draftmen_floors_table', 4),
	(11, '2025_02_07_075416_create_draftmen_new_estimates_table', 5),
	(12, '2025_02_07_075826_create_draftmen_rooms_table', 5),
	(13, '2025_02_07_075851_create_draftmen_bathrooms_table', 5),
	(14, '2025_02_07_075930_create_draftmen_living_rooms_table', 5),
	(15, '2025_02_07_075955_create_draftmen_kitchens_table', 5),
	(16, '2025_02_07_080017_create_draftmen_staircases_table', 5),
	(17, '2025_02_10_094939_create_draftmen_rooms_table', 6),
	(18, '2025_02_10_095212_create_draftmen_staircases_table', 6),
	(19, '2025_02_10_095452_create_draftmen_kitchens_table', 6),
	(20, '2025_02_10_095620_create_draftmen_living_rooms_table', 6),
	(21, '2025_02_10_095828_create_draftmen_bathrooms_table', 6),
	(22, '2025_02_10_111130_create_statuses_table', 7),
	(23, '2025_02_11_052657_create_draftmen_new_plans_table', 8),
	(24, '2025_02_11_052953_create_draftmen_floors_table', 8),
	(25, '2025_02_13_031642_create_tv_types_table', 9),
	(26, '2025_02_13_050538_create_listings_table', 10);

-- Dumping structure for table udarata_computers2.orders
CREATE TABLE IF NOT EXISTS `orders` (
  `id` int unsigned NOT NULL AUTO_INCREMENT,
  `product_id` int NOT NULL,
  `payment_id` int NOT NULL,
  `qty` int NOT NULL,
  `created_at` timestamp NOT NULL DEFAULT CURRENT_TIMESTAMP,
  `updated_at` timestamp NOT NULL DEFAULT CURRENT_TIMESTAMP ON UPDATE CURRENT_TIMESTAMP,
  PRIMARY KEY (`id`),
  KEY `product_id` (`product_id`),
  CONSTRAINT `orders_ibfk_1` FOREIGN KEY (`product_id`) REFERENCES `products` (`id`) ON DELETE CASCADE
) ENGINE=InnoDB AUTO_INCREMENT=128 DEFAULT CHARSET=utf8mb3 COLLATE=utf8_bin;

-- Dumping data for table udarata_computers2.orders: ~0 rows (approximately)

-- Dumping structure for table udarata_computers2.password_reset_tokens
CREATE TABLE IF NOT EXISTS `password_reset_tokens` (
  `email` varchar(255) CHARACTER SET utf8 COLLATE utf8_bin NOT NULL,
  `token` varchar(255) CHARACTER SET utf8 COLLATE utf8_bin NOT NULL,
  `created_at` timestamp NULL DEFAULT NULL,
  PRIMARY KEY (`email`)
) ENGINE=InnoDB DEFAULT CHARSET=utf8mb3 COLLATE=utf8_bin;

-- Dumping data for table udarata_computers2.password_reset_tokens: ~0 rows (approximately)

-- Dumping structure for table udarata_computers2.payments
CREATE TABLE IF NOT EXISTS `payments` (
  `id` int unsigned NOT NULL AUTO_INCREMENT,
  `customer_id` int NOT NULL,
  `total` decimal(10,2) NOT NULL,
  `note` varchar(255) CHARACTER SET utf8 COLLATE utf8_bin DEFAULT NULL,
  `address1` varchar(50) CHARACTER SET utf8 COLLATE utf8_bin DEFAULT NULL,
  `address2` varchar(50) CHARACTER SET utf8 COLLATE utf8_bin DEFAULT NULL,
  `city` varchar(50) CHARACTER SET utf8 COLLATE utf8_bin DEFAULT NULL,
  `postal_code` varchar(50) CHARACTER SET utf8 COLLATE utf8_bin DEFAULT NULL,
  `payment_status_id` int unsigned NOT NULL,
  `created_at` timestamp NOT NULL DEFAULT CURRENT_TIMESTAMP,
  `updated_at` timestamp NOT NULL DEFAULT CURRENT_TIMESTAMP ON UPDATE CURRENT_TIMESTAMP,
  PRIMARY KEY (`id`),
  KEY `customer_id` (`customer_id`),
  KEY `payment_status_id` (`payment_status_id`),
  CONSTRAINT `payments_ibfk_2` FOREIGN KEY (`customer_id`) REFERENCES `customers` (`id`) ON DELETE CASCADE,
  CONSTRAINT `payments_ibfk_3` FOREIGN KEY (`payment_status_id`) REFERENCES `payment_statuses` (`id`) ON DELETE CASCADE
) ENGINE=InnoDB AUTO_INCREMENT=95 DEFAULT CHARSET=utf8mb3 COLLATE=utf8_bin;

-- Dumping data for table udarata_computers2.payments: ~0 rows (approximately)

-- Dumping structure for table udarata_computers2.payment_statuses
CREATE TABLE IF NOT EXISTS `payment_statuses` (
  `id` int unsigned NOT NULL AUTO_INCREMENT,
  `status_name` varchar(255) CHARACTER SET utf8 COLLATE utf8_bin NOT NULL,
  `created_at` timestamp NOT NULL DEFAULT CURRENT_TIMESTAMP,
  `updated_at` timestamp NOT NULL DEFAULT CURRENT_TIMESTAMP ON UPDATE CURRENT_TIMESTAMP,
  PRIMARY KEY (`id`)
) ENGINE=InnoDB AUTO_INCREMENT=4 DEFAULT CHARSET=utf8mb3 COLLATE=utf8_bin;

-- Dumping data for table udarata_computers2.payment_statuses: ~3 rows (approximately)
INSERT INTO `payment_statuses` (`id`, `status_name`, `created_at`, `updated_at`) VALUES
	(1, 'Pending', '2025-02-21 07:54:47', '2025-02-21 07:54:47'),
	(2, 'Paid', '2025-02-21 07:55:05', '2025-02-21 07:55:05'),
	(3, 'Fail', '2025-02-21 07:55:20', '2025-02-21 07:55:20');

-- Dumping structure for table udarata_computers2.personal_access_tokens
CREATE TABLE IF NOT EXISTS `personal_access_tokens` (
  `id` bigint unsigned NOT NULL AUTO_INCREMENT,
  `tokenable_type` varchar(255) CHARACTER SET utf8 COLLATE utf8_bin NOT NULL,
  `tokenable_id` bigint unsigned NOT NULL,
  `name` varchar(255) CHARACTER SET utf8 COLLATE utf8_bin NOT NULL,
  `token` varchar(64) CHARACTER SET utf8 COLLATE utf8_bin NOT NULL,
  `abilities` text CHARACTER SET utf8 COLLATE utf8_bin,
  `last_used_at` timestamp NULL DEFAULT NULL,
  `expires_at` timestamp NULL DEFAULT NULL,
  `created_at` timestamp NULL DEFAULT NULL,
  `updated_at` timestamp NULL DEFAULT NULL,
  PRIMARY KEY (`id`),
  UNIQUE KEY `personal_access_tokens_token_unique` (`token`),
  KEY `personal_access_tokens_tokenable_type_tokenable_id_index` (`tokenable_type`,`tokenable_id`)
) ENGINE=InnoDB DEFAULT CHARSET=utf8mb3 COLLATE=utf8_bin;

-- Dumping data for table udarata_computers2.personal_access_tokens: ~0 rows (approximately)

-- Dumping structure for table udarata_computers2.products
CREATE TABLE IF NOT EXISTS `products` (
  `id` int NOT NULL AUTO_INCREMENT,
  `name` varchar(255) CHARACTER SET utf8 COLLATE utf8_bin NOT NULL,
  `brand` varchar(100) CHARACTER SET utf8 COLLATE utf8_bin NOT NULL,
  `type` varchar(100) CHARACTER SET utf8 COLLATE utf8_bin DEFAULT NULL,
  `tags` varchar(20) CHARACTER SET utf8 COLLATE utf8_bin DEFAULT NULL,
  `description` text CHARACTER SET utf8 COLLATE utf8_bin,
  `discounted_price` decimal(10,2) DEFAULT NULL,
  `retail_price` decimal(10,2) DEFAULT NULL,
  `warranty` varchar(100) CHARACTER SET utf8 COLLATE utf8_bin DEFAULT NULL,
  `in_stock` varchar(50) CHARACTER SET utf8 COLLATE utf8_bin DEFAULT NULL,
  `qty` int DEFAULT '0',
  `status_id` int NOT NULL,
  `image` varchar(255) CHARACTER SET utf8 COLLATE utf8_bin DEFAULT NULL,
  `created_at` timestamp NOT NULL DEFAULT CURRENT_TIMESTAMP,
  `updated_at` timestamp NOT NULL DEFAULT CURRENT_TIMESTAMP ON UPDATE CURRENT_TIMESTAMP,
  `deal_start` date DEFAULT NULL,
  `deal_end` date DEFAULT NULL,
  PRIMARY KEY (`id`)
) ENGINE=InnoDB AUTO_INCREMENT=59 DEFAULT CHARSET=utf8mb3 COLLATE=utf8_bin;

-- Dumping data for table udarata_computers2.products: ~58 rows (approximately)
INSERT INTO `products` (`id`, `name`, `brand`, `type`, `tags`, `description`, `discounted_price`, `retail_price`, `warranty`, `in_stock`, `qty`, `status_id`, `image`, `created_at`, `updated_at`, `deal_start`, `deal_end`) VALUES
	(1, 'ASUS VIVOBOOK E1504G', 'ASUS', 'LAPTOPS', 'DEAL OF THE DAYS', 'INTEL CORE i3-N305U PROCESSOR | 8GB DDR4 RAM | 256GB M.2 NVMe | INTEL Iris Xᵉ GRAPHIC | WINDOWS 11 HOME', 143000.00, 1500000.00, '1 year Warranty', 'In Stock', 3, 1, 'ProductImages/MK2vLe6QMM6nSVxVvkDu.jpg', '2025-02-16 23:08:19', '2025-04-24 10:29:34', '2025-04-11', '2025-04-25'),
	(2, 'ASUS TUF GAMING F15 FA506NFR', 'ASUS', 'LAPTOPS', 'New Arrivals', 'AMD Ryzen™ 7 7435HS PROCESSOR | DDR5 16GB RAM | 512GB PCIe® 4.0 NVMe | NVIDIA® GeForce RTX™ 2050 4GB GRAPHIC CARD | 15.6-inch FHD (1920 x 1080) DISPLAY', 245000.00, 265000.00, '1 year Warranty', 'In Stock', 1, 1, 'ProductImages/uAnM4oqAaJkSwfFlgPr0.jpg', '2025-02-17 00:31:31', '2025-04-24 10:53:57', NULL, NULL),
	(3, 'MSI MODERN 15 F13MG', 'MSI', 'LAPTOPS', 'New Arrivals', 'INTEL I5-1334U PROCESSOR | IRIS XE GRAPHICS | 16GB DDR4 3200MHZ RAM | 512GB GEN4 NVME M.2 SSD | 15.6" INCH FHD IPS LEVEL DISPLAY | WINDOWS 11 HOME | URBAN SILVER', 210000.00, 250000.00, '2 year Warranty', 'In Stock', 5, 1, 'ProductImages/NV2vXIg5oEiMd5BajcCJ.webp', '2025-02-17 00:38:49', '2025-04-24 11:01:39', NULL, NULL),
	(4, 'ASUS ZENBOOK Q415MA', 'ASUS', 'LAPTOPS', 'Featured', 'INTEL CORE ULTRA 5 PROCESSOR 125H | 512GB M.2 NVME | 8GB DDR5 RAM | 14.0-INCH OLED TOUCH DISPLAY', 225000.00, 255000.00, '1 year Warranty', 'In Stock', 2, 1, 'ProductImages/wtlWCsffgoT7XksbpEXQ.png', '2025-02-19 01:01:39', '2025-04-24 11:12:12', NULL, NULL),
	(5, 'ACER ASPIRE 3', 'ACER', 'LAPTOPS', 'DEAL OF THE DAYS', 'Processor & Chipset: Processor Type: Ryzen™ 5, Processor Model: AMD Ryzen™ 5 7520U quad-core processor (up to 2 MB L2 cache, up to 4MB L3 cache, 2.8 GHz with boost up to 4.3 GHz)', 155000.00, 155000.00, '1 year Warranty', 'Out of Stock', 3, 1, 'ProductImages/sbowJlIg9gBnhSlKWKyw.webp', '2025-02-19 01:03:35', '2025-04-24 11:43:22', '2025-04-07', '2025-04-25'),
	(6, 'ARRIVAL MSI THIN GF63 12UCX I5 12TH GEN', 'MSI', 'LAPTOPS', 'New Arrivals', 'Intel Core i5-12450H Processor', 252500.00, 252500.00, '1 year Warranty', 'Out of Stock', 94, 1, 'ProductImages/pXUdj3i6pB0MiVRE9VHN.webp', '2025-02-19 01:05:01', '2025-03-14 05:37:16', NULL, NULL),
	(7, 'ASUS ROG STRIX HELIOS RGB GAMING CASE', 'ASUS', 'CASINGS', 'New Arrivals', '?????????? : 250 x 565 x 591 (WxDxH) | ???? ???? : ATX Mid Tower | ???? ?????? : ATX/micro ATX/Mini ITX/EATX (12”x10.9”) | ???-????????? : (?????: 3 x 140mm ????: 1 x 140mm)', 104000.00, 106000.00, '1 year Warranty', 'In Stock', 1, 1, 'ProductImages/mUmCYPEpnBwwxmrPs55l.webp', '2025-02-19 01:06:08', '2025-04-24 12:07:03', NULL, NULL),
	(8, 'IPHONE 16 PRO MAX', 'APPLE', 'APPLE PRODUCTS', 'Top Rated', 'Apple\'s latest flagship smartphone featuring an advanced camera system, A18 Pro chip, and Super Retina XDR display.', 370000.00, 370000.00, '1 year Warranty', 'In Stock', 1, 2, 'ProductImages/KbC0NCKd7SA0WLMO3T8b.webp', '2025-02-19 01:19:35', '2025-04-29 06:52:30', NULL, NULL),
	(9, 'REDRAGON JUNO G818 WIRELESS GAMEPAD', 'REDRAGON', 'GAMING CONSOLE', 'Top Rated', '?????????? ????: Bluetooth and Wired | ????????? ?????????: PlayStation 4, PC X input | ?????????: Bluetooth, optional USB on PC | ???????: 10 + 2 Sticks | ??/?? ???????: 2 button type | ??/?? ????????: 2, touch-sensitive and capacitive | ?-???: 8-way | ?????????: 2 vibration motors for force-feedback | ????? ??????: Internal Li-Ion battery | ????: 160 x 105 x 55 mm | ??????: 197.8 g | ??????: PlayStation 4-like design, with touchpad and 3.5 mm audio connection', 10500.00, 11000.00, '1 year Warranty', 'In Stock', 3, 1, 'ProductImages/e7Ou5i9na1agPxbD6xOO.webp', '2025-02-24 22:04:58', '2025-04-24 12:14:58', NULL, NULL),
	(10, 'G.SKILL TRIDENT Z NEO RGB 16GB (8X2) 3200MHZ MEMORY', 'TRIDENT', 'RAM', 'Featured', 'High-performance DDR4 memory kit with RGB lighting, optimized for gaming and overclocking.', 18000.00, 18000.00, '1 year Warranty', 'Out of Stock', 20, 1, 'ProductImages/yg1ipxEcgRqQqn1n6wuK.webp', '2025-02-24 22:07:46', '2025-04-22 11:15:40', NULL, NULL),
	(11, 'MSI PRO B760M-P DDR5 MOTHERBOARD', 'MSI', 'MOTHERBOARD', 'New Arrivals', '??????? : INTEL B760 | ??? ??????? : INTEL® CORE™ 14TH/13TH/12TH GEN PROCESSORS, INTEL® PENTIUM® GOLD AND CELERON® PROCESSORS | ?????? : 4x DDR5,MAXIMUM MEMORY CAPACITY: 192GB MEMORY SUPPORT DDR5 6800+(OC)/ 6600(OC)/ 6400(OC)/ 6200(OC)/ 6000(OC)/ 5800(OC)/ 5600(JEDEC)/ 5400(JEDEC)/ 5200(JEDEC)/ 5000(JEDEC)/ 4800(JEDEC) MHz | ??????? ???????? : 1X HDMI SUPPORT HDMI 1.4, MAXIMUM RESOLUTION OF 4K 30HZ 1X DISPLAYPORT SUPPORT DP 1.4, MAXIMUM RESOLUTION OF 4K 60HZ 1X VGA |', 46500.00, 50000.00, '3 year Warranty', 'In Stock', 7, 1, 'ProductImages/F3m0jBZWjauOUuhcw9lN.webp', '2025-02-25 07:55:58', '2025-04-24 12:40:29', NULL, NULL),
	(12, 'AMD RYZEN 5 3600 PROCESSOR', 'AMD', 'PROCESSOR', 'Top Rated', 'A 6-core, 12-thread processor with a base clock of 3.6GHz and a max boost clock of 4.2GHz. Built on 7nm technology, it supports PCIe 4.0 and offers excellent performance for gaming and productivity.', 39000.00, 39000.00, '3 year Warranty', 'In Stock', 200, 1, 'ProductImages/gHKhV8KpbV47HolMwByD.webp', '2025-02-25 07:56:52', '2025-02-25 07:56:52', NULL, NULL),
	(13, 'CORSAIR CV550 — 550 WATT 80 PLUS® BRONZE CERTIFIED PSU', 'CORSAIR', 'POWER SUPPLY', 'Top Rated', 'The CORSAIR CV550 is a reliable 550W power supply with 80 PLUS Bronze certification, ensuring energy efficiency and stable power delivery. It features multiple protection mechanisms and a compact ATX form factor for seamless compatibility.', 21000.00, 21000.00, '3 year Warranty', 'Out of Stock', 200, 1, 'ProductImages/OdESwmk59iljdrVPqhEc.webp', '2025-02-25 07:57:51', '2025-04-29 20:46:28', NULL, NULL),
	(14, 'GTX 1050 TI 4GB GRAPHICS CARD - USED', 'GTX', 'GRAPHIC CARDS', 'None', '???????? ?????????? : GEFORCE® GTX 1050 TI | ?????? ???? : 4 GB | ??????? ??? ?????????? : 7680×4320 | ??????????? ??? : 300W | ????? ?????????? : 6 PIN * 1 | ?????? : DUAL-LINK DVI-D * 1 / HDMI-2.0B * 3 (MAX RESOLUTION: 4096×2160 @ 60 HZ) / DISPLAY PORT-1.4 * 1 (MAX RESOLUTION: 7680×4320 @ 60 HZ)', 30000.00, 30000.00, '3 months warranty', 'Used', 5, 1, 'ProductImages/cvyBvqyzSRlvYQxr5kf1.webp', '2025-02-25 07:58:39', '2025-04-25 10:14:59', NULL, NULL),
	(15, 'I Phone 12', 'Apple', 'APPLE PRODUCTS', 'Top Rated', 'Apple Intelligence is the personal intelligence system that helps you write, express yourself, and get things done effortlessly. With groundbreaking privacy protections, it gives you peace of mind that no one else can access your data — not even Apple.', 100000.00, 105000.00, '1 year Warranty', 'In Stock', 3, 1, 'ProductImages/e5XjIKJPsC7ij6WEYQ5B.jpg', '2025-02-26 10:13:05', '2025-04-21 18:15:03', NULL, NULL),
	(16, 'MSI MAG CORELIQUID 240R V2 COOLER', 'MSI', 'COOLING AND LIGHTING', 'DEAL OF THE DAYS', 'The MSI MAG CORELIQUID 240R V2 is an all-in-one liquid CPU cooler featuring a 240mm radiator, dual ARGB fans, and a rotatable pump head. Designed for efficient cooling and compatibility with the latest Intel and AMD sockets.', 38000.00, 37000.00, '3 year Warranty', 'In Stock', 997, 1, 'ProductImages/jQ55YycLtL8rcVHkxfX8.jpg', '2025-04-10 14:22:09', '2025-04-17 10:38:30', '2025-04-09', '2025-04-14'),
	(17, 'Intel Core i9', 'Intel', 'PROCESSOR', 'New Arrivals', 'The fastest Intel processor is the i9--12900K. It\'s faster than the Ryzen 9 5950X in most games, and has similar performance in most productivity tasks. The best high-end Intel processor for gaming is the i5--12600K.', 85000.00, 89000.00, '3 year Warranty', 'In Stock', 100, 1, 'ProductImages/8aX5ONRQP4IF7SUcgsiC.webp', '2025-04-16 03:02:22', '2025-04-16 03:02:22', NULL, NULL),
	(18, 'I phone 11 pro', 'Apple', 'APPLE PRODUCTS', 'Top Rated', 'I Phone 11 pro\r\n512 GB\r\nbattery health 91%', 105000.00, 110000.00, '1 months warranty', 'In Stock', 1, 1, 'ProductImages/Y8OedTEGkX4BoS436EBF.webp', '2025-04-21 18:20:57', '2025-04-21 18:20:57', NULL, NULL),
	(19, 'AMD RYZEN 5 3400G PROCESSOR (CORES 4, THREADS 8, MAX. BOOST CLOCK UP TO 4.2GHZ) - 1 YEAR WARRANTY - WITHOUT BOX/FAN', 'Ryzen 5', 'PROCESSOR', 'Top Rated', 'Name: AMD Ryzen™ 5 3400G with Radeon™ RX Vega 11 Graphics | Family: Ryzen | Series: Ryzen 3000 Series | Supporting Chipsets: X570 , X470 , X370 , B450 , B350 , A320', 25000.00, 25000.00, '1 year Warranty', 'In Stock', 5, 1, 'ProductImages/CEgfgaA55sjhOgCHbOsR.jpg', '2025-04-29 08:59:54', '2025-04-29 09:10:23', NULL, NULL),
	(20, 'AMD RYZEN 5 5600 (6 CORES, 12 THREADS) UP TO 4.4 GHZ DESKTOP PROCESSOR (3 YEARS WARRANTY) WITHOUT BOX/FAN', 'Ryzen 5', 'PROCESSOR', 'Top Rated', '???? : AMD Ryzen™ 5 5600 | ?????? : AM4 | ???????? : AMD 300 Series*, AMD 400 Series, AMD 500 Series | ?????? ??????? : DDR4 | ????????? : 3.5 GHz | ????? ????? : up to 4.4 GHz | ???? ????? : 100 MHz | ?????????? : 35.0x | ?????????? ???????? : Yes | ???  : 65 W |??? : 88 W | ????? ?? : 64 KB (per core) | ????? ?? : 512 KB (per core) | ????? ?? : 32 MB (shared) | # ?? ?????  : 6 |# ?? ??????? : 12 | ??? # ???? : 1 | ?????????? ???????? : N/A', 31500.00, 31500.00, '3 year Warranty', 'In Stock', 5, 1, 'ProductImages/bmPawtPy1woVAVtP09Mn.jpg', '2025-04-29 09:08:12', '2025-04-29 10:42:24', NULL, NULL),
	(21, 'AMD RYZEN 5 5500 (6 CORES, 12 THREADS) UP TO 4.2GHZ DESKTOP PROCESSOR WITH WRAITH STEALTH COOLER (3 YEARS WARRANTY)', 'Ryzen 5', 'PROCESSOR', 'New Arrivals', '???? : AMD Ryzen™ 5 5500 | ?????? : AM4 | ???????? :  AMD 400 Series, AMD 500 Series | ?????? ??????? : DDR4 | 	\r\n???. ????? ????? : Up to 4.2GHz |  ???? ????? : 3.6GHz | ??? : 65 W |??? : 88 W | ????? ?? : 384KB | ????? ?? : 3MB | ????? ?? : 16MB (shared) | # ?? ????? : 6 |# ?? ??????? : 12 | ??? # ???? : 1 | ?????????? ???????? : N/A', 32500.00, 32500.00, '3 year Warranty', 'In Stock', 5, 1, 'ProductImages/ZB4GLLeYwTMVXjKCrvjT.jpg', '2025-04-29 09:47:21', '2025-04-29 11:09:48', NULL, NULL),
	(22, 'AMD RYZEN 5 5600 (6 CORES, 12 THREADS) UP TO 4.4 GHZ DESKTOP PROCESSOR WITH WRAITH STEALTH COOLER', 'Ryzen 5', 'PROCESSOR', 'New Arrivals', '???? : AMD Ryzen™ 5 5600 | ?????? : AM4 | ???????? : AMD 300 Series*, AMD 400 Series, AMD 500 Series | ?????? ??????? : DDR4 | ????????? : 3.5 GHz | ????? ????? : up to 4.4 GHz | ???? ????? : 100 MHz | ?????????? : 35.0x | ?????????? ???????? : Yes | ???  : 65 W |??? : 88 W | ????? ?? : 64 KB (per core) | ????? ?? : 512 KB (per core) | ????? ?? : 32 MB (shared) | # ?? ?????  : 6 |# ?? ??????? : 12 | ??? # ???? : 1 | ?????????? ???????? : N/A', 34500.00, 34500.00, '3 year Warranty', 'In Stock', 5, 1, 'ProductImages/GSbb1tRI5gdoMdIXzTIK.jpg', '2025-04-29 09:50:22', '2025-04-29 11:03:48', NULL, NULL),
	(23, 'INTEL CORE I5-12400F PROCESSOR: 6 CORES, 12 THREADS, 2.50 GHZ (UP TO 4.40 GHZ), 18MB CACHE, 3-YEAR WARRANTY, DESKTOP PROCESSOR (NO BOX/FAN)', 'INTEL', 'PROCESSOR', 'New Arrivals', '??????? ?????????? : 12th Generation Intel® Core™ i5 Processors | ????????? ?????? : i5-12400F | ????? ????? : 6 | # ?? ???????????-????? : 6 | # ?? ?????????-????? : 0 | ????? ??????? : 12 | ??? ????? ????????? : 4.40 GHz | ???????????-???? ??? ????? ????????? :  4.40 GHz | ???????????-???? ???? ????????? : 2.50 GHz | ????? : 18 MB Intel® Smart Cache | ????? ?? ????? : 7.5 MB | ????????? ???? ????? : 65 W | ??????? ????? ????? : 117 W', 34500.00, 34500.00, '3 year Warranty', 'In Stock', 4, 1, 'ProductImages/VTzBl3ar6Y3Gyf9tfCT4.jpg', '2025-04-29 09:58:48', '2025-04-29 10:11:31', NULL, NULL),
	(24, 'INTEL I3-12100 PROCESSOR 12MB CACHE, 3.30GHZ UP TO 4.30 GHZ (8 THREADS, 4 CORES) DESKTOP PROCESSOR (3 YEARS WARRANTY)', 'INTEL', 'PROCESSOR', 'New Arrivals', '??????? ?????????? : 12th Generation Intel® Core™ i3 Processors | ????????? ?????? : i3-12100 | ????? ????? : 4 | # ?? ???????????-????? : 4 | # ?? ?????????-????? : 0 | ????? ??????? : 8 | ??? ????? ????????? : 4.30 GHz | ???????????-???? ??? ????? ????????? : 4.30 GHz | ???????????-???? ???? ????????? : 3.30 GHz | ????? : 12 MB Intel® Smart Cache | ????? ?? ????? : 5 MB | ????????? ???? ????? : 65 W | ??????? ????? ????? : 89 W', 38500.00, 38500.00, '3 year Warranty', 'In Stock', 5, 1, 'ProductImages/KW441gSulv0DZ4zM87j5.jpg', '2025-04-29 11:15:25', '2025-04-29 11:15:25', NULL, NULL),
	(25, 'INTEL I5-12400F PROCESSOR 18MB CACHE, 2.50 GHZ UP TO 4.40 GHZ (12 THREADS, 6 CORES) DESKTOP PROCESSOR (3 YEARS WARRANTY)', 'INTEL', 'PROCESSOR', 'New Arrivals', '??????? ?????????? : 12th Generation Intel® Core™ i5 Processors | ????????? ?????? : i5-12400F | ????? ????? : 6 | # ?? ???????????-????? : 6 | # ?? ?????????-????? : 0 | ????? ??????? : 12| ??? ????? ????????? : 4.40 GHz | ???????????-???? ??? ????? ????????? : 4.40 GHz | ???????????-???? ???? ????????? : 2.50 GHz | ????? : 18 MB Intel® Smart Cache | ????? ?? ????? : 7.5 MB | ????????? ???? ????? : 65 W | ??????? ????? ????? : 117 W', 39500.00, 39500.00, '3 year Warranty', 'In Stock', 5, 1, 'ProductImages/kR1sOVbj8LvrqlAY72Hl.jpg', '2025-04-29 11:22:28', '2025-04-29 11:22:28', NULL, NULL),
	(26, 'AMD RYZEN 5 5600G (6 CORES, 12 THREADS) UP TO 4.4 GHZ DESKTOP PROCESSOR WITH WRAITH STEALTH COOLER (3 YEARS WARRANTY) WITHOUT BOX/FAN', 'Ryzen 5', 'PROCESSOR', 'New Arrivals', '??????? : AMD Ryzen™ Processors | ??????? ???? : AMD Ryzen™ 5 5000 G-Series Desktop Processors with Radeon™ Graphics | # ?? ??? ????? : 6 | # ?? ??????? : 12 | ???. ????? ????? : Up to 4.4GHz | ???? ????? : 3.9GHz | ????? ?? ????? : 3MB | ????? ?? ????? : 16MB | ??????? ??? : 65W | ??? ???????????? ??? (????) : 45-65W | ????????? ?????????? ??? ??? ????? : TSMC 7nm FinFET | ???????? ??? ???????????? : Yes | ??? ?????? : AM4 | ???. ????????? ??????????? (?????) : 95°C | ?????? ?????? ??? : DDR4', 40500.00, 40500.00, '3 year Warranty', 'In Stock', 5, 1, 'ProductImages/r1fV3mCOqstMQSeua7AD.jpg', '2025-04-29 11:43:32', '2025-04-29 11:43:32', NULL, NULL),
	(27, 'INTEL CORE I3 -14100 PROCESSOR 12MB CACHE, UP TO 4.70 GHZ (4 CORES,8 THREADS) DESKTOP PROCESSOR (3 YEAR WARRANTY )', 'INTEL', 'PROCESSOR', 'New Arrivals', '??????? ?????????? : 14th Generation Intel® Core™ i3 Processors | ????????? ?????? : i3-14100 | ????? ????? : 4 | # ?? ???????????-????? : 4 | # ?? ?????????-????? : 0 | ????? ??????? : 8 | ??? ????? ????????? : 4.7 GHz | ???????????-???? ??? ????? ????????? : 4.7 GHz | ???????????-???? ???? ????????? : 3.5 GHz | ????? : 12 MB Intel® Smart Cache | ????? ?? ????? : 5 MB | ????????? ???? ????? : 60 W | ??????? ????? ????? : 110  W', 41000.00, 41000.00, '3 year Warranty', 'In Stock', 5, 1, 'ProductImages/08LClqdkO1rlIebjjSLU.jpg', '2025-04-29 11:50:44', '2025-04-29 11:50:44', NULL, NULL),
	(28, 'AMD RYZEN 5 5600X (6 CORES, 12 THREADS, UP TO 4.6GHZ) DESKTOP PROCESSOR (3 YEARS WARRANTY) - WITHOUT BOX/FAN', 'Ryzen 5', 'PROCESSOR', 'New Arrivals', '??????? : AMD Ryzen™ Processors | ??????? ???? : AMD Ryzen™ 5 5000 Series Desktop Processors | # ?? ??? ????? : 6 | # ?? ??????? : 12 | ???. ????? ????? : Up to 4.6GHz | ???? ????? : 3.7GHz | ????? ?? ????? : 3MB | ????? ?? ????? : 32MB | ??????? ??? : 65W | ??? ???????????? ??? (????) : 45-65W | ????????? ?????????? ??? ??? ????? : TSMC 7nm FinFET | ???????? ??? ???????????? : Yes | ??? ?????? : AM4 | ???. ????????? ??????????? (?????) : 95°C | ?????? ?????? ??? : DDR4', 43000.00, 43000.00, '3 year Warranty', 'In Stock', 5, 1, 'ProductImages/Pq908MphxkJmzZXmGF3M.jpg', '2025-04-29 11:55:22', '2025-04-29 11:55:22', NULL, NULL),
	(29, 'INTEL CORE I5-12400 PROCESSOR 18MB CACHE, 2.50 GHZ UP TO 4.40 GHZ (12 THREADS, 6 CORES) DESKTOP PROCESSOR (3 YEARS WARRANTY)-WITHOUT BOX/FAN', 'INTEL', 'PROCESSOR', 'New Arrivals', '??????? ?????????? : 12th Generation Intel® Core™ i5 Processors | ????????? ?????? : i5-12400 | ????? ????? : 6 | # ?? ???????????-????? : 6 | # ?? ?????????-????? : 0 | ????? ??????? :12 | ??? ????? ????????? : 4.40 GHz | ???????????-???? ??? ????? ????????? : 4.40 GHz | ???????????-???? ???? ????????? : 2.50 GHz | ????? : 18 MB Intel® Smart Cache | ????? ?? ????? : 7.5 MB | ????????? ???? ????? : 65 W | ??????? ????? ????? : 117 W', 43000.00, 43000.00, '3 year Warranty', 'In Stock', 5, 1, 'ProductImages/bQpNkVPxStQjS1LgG5vz.jpg', '2025-04-29 11:59:58', '2025-04-29 11:59:58', NULL, NULL),
	(30, 'AMD RYZEN 5 5600G (6 CORES, 12 THREADS) UP TO 4.4 GHZ DESKTOP PROCESSOR WITH WRAITH STEALTH COOLER(3 YEARS WARRANTY)', 'Ryzen 5', 'PROCESSOR', 'New Arrivals', '??????? : AMD Ryzen™ Processors | ??????? ???? : AMD Ryzen™ 5 5000 G-Series Desktop Processors with Radeon™ Graphics | # ?? ??? ????? : 6 | # ?? ??????? : 12 | ???. ????? ????? : Up to 4.4GHz | ???? ????? : 3.9GHz | ????? ?? ????? : 3MB | ????? ?? ????? : 16MB | ??????? ??? : 65W | ??? ???????????? ??? (????) : 45-65W | ????????? ?????????? ??? ??? ????? : TSMC 7nm FinFET | ???????? ??? ???????????? : Yes | ??? ?????? : AM4 | ???. ????????? ??????????? (?????) : 95°C | ?????? ?????? ??? : DDR4', 43500.00, 43500.00, '3 year Warranty', 'In Stock', 5, 1, 'ProductImages/czQCPBrmQ97rsvamVn0p.jpg', '2025-04-29 12:02:50', '2025-04-29 12:10:04', NULL, NULL),
	(31, 'INTEL I5-12400 PROCESSOR 18MB CACHE, 2.50 GHZ UP TO 4.40 GHZ (12 THREADS, 6 CORES) DESKTOP PROCESSOR ( 3 YEARS WARRANTY)', 'INTEL', 'PROCESSOR', 'New Arrivals', '??????? ?????????? : 12th Generation Intel® Core™ i5 Processors | ????????? ?????? : i5-12400 | ????? ????? : 6 | # ?? ???????????-????? : 6 | # ?? ?????????-????? : 0 | ????? ??????? :12 | ??? ????? ????????? : 4.40 GHz | ???????????-???? ??? ????? ????????? : 4.40 GHz | ???????????-???? ???? ????????? : 2.50 GHz | ????? : 18 MB Intel® Smart Cache | ????? ?? ????? : 7.5 MB | ????????? ???? ????? : 65 W | ??????? ????? ????? : 117 W', 47500.00, 47500.00, '3 year Warranty', 'In Stock', 5, 1, 'ProductImages/C0za3rryaO9fcyL30jmu.jpg', '2025-04-29 12:15:38', '2025-04-29 12:15:38', NULL, NULL),
	(32, 'INTEL I5-13400 PROCESSOR 20MB CACHE, 2.50 GHZ UP TO 4.60 GHZ (16 THREADS, 10 CORES) DESKTOP PROCESSOR ( 3 YEARS WARRANTY)-WITHOUT BOX/FAN', 'INTEL', 'PROCESSOR', 'New Arrivals', '??????? ?????????? : 13th Generation Intel® Core™ i5 Processors | ????????? ?????? : i5-13400 | ????? ????? : 10 | # ?? ???????????-????? : 6 | # ?? ?????????-????? : 4 | ????? ??????? :16 | ??? ????? ????????? : 4.60 GHz | ???????????-???? ??? ????? ????????? : 4.60 GHz | ???????????-???? ???? ????????? : 3.60 GHz | ?????????-???? ???? ????????? : 1.80 GHz | ????? : 20 MB Intel® Smart Cache | ????? ?? ????? : 9.5 MB | ????????? ???? ????? : 65 W | ??????? ????? ????? : 154 W', 47500.00, 47500.00, '3 year Warranty', 'In Stock', 5, 1, 'ProductImages/IZoF9FlWdN5jDYNpVzvk.jpg', '2025-04-29 12:20:48', '2025-04-29 12:20:48', NULL, NULL),
	(33, 'INTEL CORE I5-14400F PROCESSOR 20MB CACHE, 2.50 GHZ UP TO 4.70 GHZ (16 THREADS, 10 CORES) DESKTOP PROCESSOR(3 YEARS WARRANTY)', 'INTEL', 'PROCESSOR', 'New Arrivals', '??????? ?????????? : 14th Generation Intel® Core™ i5 Processors | ????????? ?????? : i5-14400F | ????? ????? : 10 | # ?? ???????????-????? : 6 | # ?? ?????????-????? : 4 | ????? ??????? : 16 | ??? ????? ????????? : 4.70 GHz | ???????????-???? ??? ????? ????????? : 4.70 GHz | ?????????-???? ??? ????? ????????? : 3.5 GHz | ???????????-???? ???? ????????? : 2.50 GHz | ?????????-???? ???? ????????? : 1.8 GHz | ????? : 20 MB Intel® Smart Cache | ????? ?? ????? : 9.5 MB | ????????? ???? ????? : 65 W | ??????? ????? ????? : 148 W', 47500.00, 47500.00, '3 year Warranty', 'In Stock', 5, 1, 'ProductImages/05bcvgAfhWrv90YrVuzY.jpg', '2025-04-29 12:29:52', '2025-04-29 12:29:52', NULL, NULL),
	(34, 'AMD RYZEN 5 5600X (6 CORES, 12 THREADS, UP TO 4.6GHZ) DESKTOP PROCESSOR  WITH WRAITH (3 YEARS WARRANTY)', 'Ryzen 5', 'PROCESSOR', 'New Arrivals', '??????? : AMD Ryzen™ Processors | ??????? ???? : AMD Ryzen™ 5 5000 Series Desktop Processors | # ?? ??? ????? : 6 | # ?? ??????? : 12 | ???. ????? ????? : Up to 4.6GHz | ???? ????? : 3.7GHz | ????? ?? ????? : 3MB | ????? ?? ????? : 32MB | ??????? ??? : 65W | ??? ???????????? ??? (????) : 45-65W | ????????? ?????????? ??? ??? ????? : TSMC 7nm FinFET | ???????? ??? ???????????? : Yes | ??? ?????? : AM4 | ???. ????????? ??????????? (?????) : 95°C | ?????? ?????? ??? : DDR4', 49000.00, 49000.00, '3 year Warranty', 'In Stock', 5, 1, 'ProductImages/Pphtj9bmMRRoSbTRih7L.jpg', '2025-04-29 12:32:42', '2025-04-29 12:35:00', NULL, NULL),
	(35, 'AMD RYZEN 7 5700G (8 CORES, 16 THREADS) UP TO 4.6 GHZ DESKTOP PROCESSOR WITHOUT BOX/FAN', 'Ryzen 7', 'PROCESSOR', 'New Arrivals', '??????? : AMD Ryzen™ Processors | ??????? ???? : AMD Ryzen™ 7 5000 Series Desktop Processors | # ?? ??? ????? : 8 | # ?? ??????? : 16 | ???. ????? ????? : Up to 4.6GHz | ???? ????? : 3.8GHz | ????? ?? ????? : 4MB | ????? ?? ????? : 16MB | ??????? ??? : 65W | ??? ???????????? ??? (????) : 45-65W | ????????? ?????????? ??? ??? ????? : TSMC 7nm FinFET | ???????? ??? ???????????? : Yes | ??? ?????? : AM4 | ???. ????????? ??????????? (?????) : 95°C | ?????? ?????? ??? : DDR4', 51000.00, 51000.00, '3 year Warranty', 'In Stock', 5, 1, 'ProductImages/rIEk3rXVZ6qQ0juzf3ip.jpg', '2025-04-29 12:39:23', '2025-04-29 12:39:23', NULL, NULL),
	(36, 'AMD RYZEN 5 7500F (6 CORES, 12 THREADS) UP TO 5 GHZ DESKTOP PROCESSOR( 3 YEARS WARRANTY)-WITHOUT BOX', 'Ryzen 5', 'PROCESSOR', 'New Arrivals', '??????? : AMD Ryzen™ Processors | ??????? ???? : AMD Ryzen™ 5 7000 Series Desktop Processors | # ?? ??? ????? : 6 | # ?? ??????? : 12 | ???. ????? ????? : Up to 5GHz | ???? ????? : 3.7GHz | ?? ????? : 384 KB | ?? ????? : 6MB | ?? ????? : 32MB | ??????? ??? : 65W | ??? ???????????? ??? (????) : 45-65W | ????????? ?????????? ??? ??? ????? : TSMC 5nm FinFET | ????????? ?????????? ??? ?/? ??? : TSMC 6nm FinFET | ???????? ??? ???????????? : Yes | ???. ????????? ??????????? (?????) : 95°C | ?????? ?????? ??? : DDR5 | ??? ?????? : AM5', 51500.00, 51500.00, '3 year Warranty', 'In Stock', 5, 1, 'ProductImages/ojNDfSNcGa9QUwsZd9xk.webp', '2025-04-29 12:58:20', '2025-04-30 11:49:05', NULL, NULL),
	(37, 'AMD RYZEN 5 8500G (6 CORES, 12 THREADS) UP TO 3.5 GHZ DESKTOP PROCESSOR WITH WRAITH STEALTH COOLER ( 3 YEARS WARRANTY) WITHOUT BOX/FAN', 'Ryzen 5', 'PROCESSOR', 'New Arrivals', '??????? : AMD Ryzen™ Processors | ??????? ???? : AMD Ryzen™ 5 8000 Series Desktop Processors | # ?? ??? ????? : 6 | # ?? ??????? : 12 | ???. ????? ????? : Up to 5GHz | ???? ????? : 3.5GHz | ???? ???? ????? : 4.1 GHz | ????? ???? ????? : 3.2 GHz | ?? ????? : 384 KB | ?? ????? : 6MB | ?? ????? : 16MB | ??????? ??? : 65W | ??? ???????????? ??? (????) : 45-65W | ????????? ?????????? ??? ??? ????? : TSMC 5nm FinFET | ??? ?????? : AM5 | ???. ????????? ??????????? (?????) : 95°C | ?????? ?????? ??? : DDR5 | ???????? ????? : AMD Radeon™ 740M', 51500.00, 51500.00, '3 year Warranty', 'In Stock', 5, 1, 'ProductImages/6oenWLuSyROhRNdZ1wt4.jpg', '2025-04-30 11:42:46', '2025-04-30 11:42:46', NULL, NULL),
	(38, 'AMD RYZEN 5 7500F (6 CORES, 12 THREADS) UP TO 5 GHZ DESKTOP PROCESSOR WITH WRAITH STEALTH COOLER ( 3 YEARS WARRANTY)', 'Ryzen 5', 'PROCESSOR', 'New Arrivals', '??????? : AMD Ryzen™ Processors | ??????? ???? : AMD Ryzen™ 5 7000 Series Desktop Processors | # ?? ??? ????? : 6 | # ?? ??????? : 12 | ???. ????? ????? : Up to 5GHz | ???? ????? : 3.7GHz | ?? ????? : 384 KB | ?? ????? : 6MB | ?? ????? : 32MB | ??????? ??? : 65W | ??? ???????????? ??? (????) : 45-65W | ????????? ?????????? ??? ??? ????? : TSMC 5nm FinFET | ????????? ?????????? ??? ?/? ??? : TSMC 6nm FinFET | ???????? ??? ???????????? : Yes | ???. ????????? ??????????? (?????) : 95°C | ?????? ?????? ??? : DDR5 | ??? ?????? : AM5', 55500.00, 55500.00, '3 year Warranty', 'In Stock', 5, 1, 'ProductImages/Uq8ob8eBED4106XcAmqf.webp', '2025-04-30 11:48:37', '2025-04-30 11:48:37', NULL, NULL),
	(39, 'INTEL CORE I5-14400 PROCESSOR 20MB CACHE, 2.50 GHZ UP TO 4.70 GHZ (16 THREADS, 10 CORES) DESKTOP PROCESSOR(3 YEARS WARRATY)', 'Ryzen 5', 'PROCESSOR', 'New Arrivals', '??????? ?????????? : 14th Generation Intel® Core™ i5 Processors | ????????? ?????? : i5-14400F | ????? ????? : 10 | # ?? ???????????-????? : 6 | # ?? ?????????-????? : 4 | ????? ??????? : 16 | ??? ????? ????????? : 4.70 GHz | ???????????-???? ??? ????? ????????? : 4.70 GHz | ?????????-???? ??? ????? ????????? : 3.5 GHz | ???????????-???? ???? ????????? : 2.50 GHz | ?????????-???? ???? ????????? : 1.8 GHz | ????? : 20 MB Intel® Smart Cache | ????? ?? ????? : 9.5 MB | ????????? ???? ????? : 65 W | ??????? ????? ????? : 148 W', 56000.00, 56000.00, '3 year Warranty', 'In Stock', 5, 1, 'ProductImages/AWHygfgR0LJLz05gwYVK.jpg', '2025-04-30 11:55:49', '2025-04-30 11:55:49', NULL, NULL),
	(40, 'AMD RYZEN 5 8500G (6 CORES, 12 THREADS) UP TO 3.5 GHZ DESKTOP PROCESSOR WITH WRAITH STEALTH COOLER ( 3 YEARS WARRANTY)', 'Ryzen 5', 'PROCESSOR', 'New Arrivals', '??????? : AMD Ryzen™ Processors | ??????? ???? : AMD Ryzen™ 5 8000 Series Desktop Processors | # ?? ??? ????? : 6 | # ?? ??????? : 12 | ???. ????? ????? : Up to 5GHz | ???? ????? : 3.5GHz | ???? ???? ????? : 4.1 GHz | ????? ???? ????? : 3.2 GHz | ?? ????? : 384 KB | ?? ????? : 6MB | ?? ????? : 16MB | ??????? ??? : 65W | ??? ???????????? ??? (????) : 45-65W | ????????? ?????????? ??? ??? ????? : TSMC 5nm FinFET | ??? ?????? : AM5 | ???. ????????? ??????????? (?????) : 95°C | ?????? ?????? ??? : DDR5 | ???????? ????? : AMD Radeon™ 740M', 56500.00, 56500.00, '3 year Warranty', 'In Stock', 5, 1, 'ProductImages/woe4bD5NGv9rPs4uehsH.webp', '2025-04-30 12:01:37', '2025-04-30 12:01:37', NULL, NULL),
	(41, 'INTEL I5-13400 PROCESSOR 20MB CACHE, 2.50 GHZ UP TO 4.60 GHZ (16 THREADS, 10 CORES) DESKTOP PROCESSOR ( 3 YEARS WARRANTY)', 'INTEL', 'PROCESSOR', 'New Arrivals', '??????? ?????????? : 13th Generation Intel® Core™ i5 Processors | ????????? ?????? : i5-13400 | ????? ????? : 10 | # ?? ???????????-????? : 6 | # ?? ?????????-????? : 4 | ????? ??????? :16 | ??? ????? ????????? : 4.60 GHz | ???????????-???? ??? ????? ????????? : 4.60 GHz | ???????????-???? ???? ????????? : 3.60 GHz | ?????????-???? ???? ????????? : 1.80 GHz | ????? : 20 MB Intel® Smart Cache | ????? ?? ????? : 9.5 MB | ????????? ???? ????? : 65 W | ??????? ????? ????? : 154 W', 59000.00, 59000.00, '3 year Warranty', 'In Stock', 5, 1, 'ProductImages/w1L780nEYBJdgUlCGqS8.jpg', '2025-04-30 12:05:12', '2025-04-30 12:05:12', NULL, NULL),
	(42, 'AMD RYZEN 7 5800X (8 CORES, 16 THREADS) UP TO 4.7GHZ DESKTOP PROCESSOR ( 3 YEARS WARRANTY)', 'Ryzen 7', 'PROCESSOR', 'New Arrivals', '??????? : AMD Ryzen™ Processors | ??????? ???? : AMD Ryzen™ 7 5000 Series Desktop Processors | # ?? ??? ????? : 8 | # ?? ??????? : 16 | ???. ????? ????? : Up to 4.7GHz | ???? ????? : 3.8GHz | ????? ?? ????? : 4MB | ????? ?? ????? : 32MB | ??????? ??? : 105W | ????????? ?????????? ??? ??? ????? : TSMC 7nm FinFET | ???????? ??? ???????????? : Yes | ??? ?????? : AM4 | ???. ????????? ??????????? (?????) : 90°C | ?????? ?????? ??? : DDR4', 59500.00, 59500.00, '3 year Warranty', 'In Stock', 5, 1, 'ProductImages/pTHE12im0VXsiNadym21.jpg', '2025-04-30 12:10:22', '2025-04-30 12:10:22', NULL, NULL),
	(43, 'AMD RYZEN 5 7600X (6 CORES, 12 THREADS) UP TO 4.7 GHZ DESKTOP PROCESSOR ( 3 YEARS WARRANTY)', 'Ryzen 5', 'PROCESSOR', 'New Arrivals', '??????? : AMD Ryzen™ Processors | ??????? ???? : AMD Ryzen™ 5 7000 Series Desktop Processors | # ?? ??? ????? : 6 | # ?? ??????? : 12 | ???. ????? ????? : Up to 5.3GHz | ???? ????? : 4.7GHz | ?? ????? : 384 KB | ?? ????? : 6MB | ?? ????? : 32MB | ??????? ??? : 105W | ????????? ?????????? ??? ??? ????? : TSMC 5nm FinFET | ????????? ?????????? ??? ?/? ??? : TSMC 6nm FinFET | ??? ?????? : AM5 | ???. ????????? ??????????? (?????) : 95°C | ?????? ?????? ??? : DDR5 | ???????? ????? : AMD Radeon™ Graphics', 68000.00, 68000.00, '3 year Warranty', 'In Stock', 5, 1, 'ProductImages/GhvyVfE9eQ7mC04DOwe2.jpg', '2025-04-30 12:18:24', '2025-04-30 12:18:24', NULL, NULL),
	(44, 'AMD RYZEN 5 8600G (6 CORES, 12 THREADS) UP TO 4.3 GHZ DESKTOP PROCESSOR WITH WRAITH STEALTH COOLER ( 3 YEARS WARRANTY)', 'Ryzen 5', 'PROCESSOR', 'New Arrivals', '??????? : AMD Ryzen™ Processors | ??????? ???? : AMD Ryzen™ 5 8000 G-Series Desktop Processors | # ?? ??? ????? : 6 | # ?? ??????? : 12 | ???. ????? ????? : Up to 5GHz | ???? ????? : 4.3GHz | ?? ????? : 6MB | ?? ????? : 16MB | ??????? ??? : 65W | ??? ???????????? ??? (????) : 45-65W | ????????? ?????????? ??? ??? ????? : TSMC 5nm FinFET | ???????? ??? ???????????? : Yes | ??? ?????? : AM5 | ???. ????????? ??????????? (?????) : 95°C | ?????? ?????? ??? : DDR5 | ???????? ????? : AMD Radeon™ 740M', 68000.00, 68000.00, '3 year Warranty', 'In Stock', 5, 1, 'ProductImages/djO07DQ13ouxHLsBqILj.jpg', '2025-04-30 12:26:40', '2025-04-30 12:26:40', NULL, NULL),
	(45, 'AMD RYZEN 5 9600X (6 CORES, 12 THREADS) UP TO 5.4GHZ DESKTOP PROCESSOR (3 YEARS WARRANTY)', 'Ryzen 5', 'PROCESSOR', 'New Arrivals', '??????? : AMD Ryzen™ Processors | ??????? ???? : AMD Ryzen™ 5 9000 Series Desktop Processors | ???????????? : Zen 5 | # ?? ??? ????? : 6 | # ?? ??????? : 12 | ???. ????? ????? : Up to 5.4GHz | ???? ????? : 3.9GHz | ?? ????? : 480 KB | ?? ????? : 6MB | ?? ????? : 32MB | ??????? ??? : 65W | ????????? ?????????? ??? ??? ????? : TSMC 4nm FinFET | ????????? ?????????? ??? ?/? ??? : TSMC 6nm FinFET | ???????? ??? ???????????? : Yes | ??? ?????? : AM5 | ???. ????????? ??????????? (?????) : 95°C | ?????? ?????? ??? : DDR5 | ???????? ????? : AMD Radeon™ Graphics', 96500.00, 96500.00, '3 year Warranty', 'In Stock', 5, 1, 'ProductImages/BKUIZ4TicC3LHzH01qWq.jpg', '2025-04-30 12:32:24', '2025-04-30 12:32:24', NULL, NULL),
	(46, 'INTEL CORE I7-14700 PROCESSOR 33MB CACHE, UP TO 5.40 GHZ (28 THREADS, 20 CORES) DESKTOP PROCESSOR (3 YEARS WARRANTY) WITHOUT BOX/FAN', 'INTEL', 'PROCESSOR', 'New Arrivals', '??????? ?????????? : 14th Generation Intel® Core™ i7 Processors | ????????? ?????? : i7-14700 | ????? ????? : 20 | # ?? ???????????-????? : 8 | # ?? ?????????-????? : 12 | ????? ??????? : 28 | ??? ????? ????????? : 5.40 GHz | ?????® ????? ????? ??? ?????????? ?.? ????????? : 5.4 GHz | ???????????-???? ??? ????? ????????? : 4.70 GHz | ?????????-???? ??? ????? ????????? : 4.2 GHz | ???????????-???? ???? ????????? : 2.10 GHz | ?????????-???? ???? ????????? : 1.5 GHz | ????? : 33 MB Intel® Smart Cache | ????? ?? ????? : 28 MB | ????????? ???? ????? : 65 W | ??????? ????? ????? : 219 W', 104000.00, 104000.00, '3 year Warranty', 'In Stock', 5, 1, 'ProductImages/1yev8ZmJ6uixjMF0XrPa.png', '2025-04-30 12:38:33', '2025-04-30 12:38:33', NULL, NULL),
	(47, 'INTEL CORE ULTRA 7 PROCESSOR 265K 36M CACHE UP TO 5.5 GHZ(20 THREADS , 20 CORES ) DESKTOP PROCESSOR', 'ULTRA 7', 'PROCESSOR', 'New Arrivals', '??????? ?????????? : Intel® Core™ Ultra 7 Processor 265 | ????? ????? : 20 | # ?? ???????????-????? : 8 | # ?? ?????????-????? : 12 | ????? ??????? : 20 | ??? ????? ????????? : 5.50 GHz | ?????® ????? ????? ??? ?????????? ?.? ????????? : 5.5 GHz | ???????????-???? ??? ????? ????????? : 5.40 GHz | ?????????-???? ??? ????? ????????? : 4.6 GHz | ???????????-???? ???? ????????? : 3.90 GHz | ?????????-???? ???? ????????? : 3.3 GHz | ????? : 33 MB Intel® Smart Cache | ????? ?? ????? : 36 MB | ????????? ???? ????? : 65 W | ??????? ????? ????? : 250 W | ????????? ???? ????? : 125 W', 120000.00, 120000.00, '3 year Warranty', 'In Stock', 5, 1, 'ProductImages/ezYfvottKmVPHcwoMbpm.png', '2025-04-30 12:46:44', '2025-04-30 12:46:44', NULL, NULL),
	(48, 'INTEL CORE I7-14700K PROCESSOR 33M CACHE UP TO 5.6 GHZ (28 THREADS , 20 CORES ) DESKTOP PROCESSOR -( 3 YEARS WARRANTY)', 'INTEL', 'PROCESSOR', 'New Arrivals', '??????? ?????????? : 14th Generation Intel® Core™ i7 Processors | ????????? ?????? : i7-14700 | ????? ????? : 20 | # ?? ???????????-????? : 8 | # ?? ?????????-????? : 12 | ????? ??????? : 28 | ??? ????? ????????? : 5.60 GHz | ?????® ????? ????? ??? ?????????? ?.? ????????? : 5.6 GHz | ???????????-???? ??? ????? ????????? : 5.50 GHz | ?????????-???? ??? ????? ????????? : 4.3 GHz | ???????????-???? ???? ????????? : 3.40 GHz | ?????????-???? ???? ????????? : 2.5 GHz | ????? : 33 MB Intel® Smart Cache', 120000.00, 120000.00, '3 year Warranty', 'In Stock', 5, 1, 'ProductImages/jUHSBfonCBCScK2JTeQI.png', '2025-04-30 12:55:29', '2025-04-30 12:55:29', NULL, NULL),
	(49, 'AMD RYZEN 9 7900X (12 CORES, 24 THREADS) UP TO 5.6GHZ DESKTOP PROCESSOR (3 YEARS WARRANTY)', 'Ryzen 9', 'PROCESSOR', 'New Arrivals', '??????? : AMD Ryzen™ Processors | ??????? ???? : AMD Ryzen™ 9 7000 Series Desktop Processors | # ?? ??? ????? : 12 | # ?? ??????? : 24 | ???. ????? ????? : Up to 5.6GHz | ???? ????? : 4.7GHz | ?? ????? : 768KB | ?? ????? : 12MB | ?? ????? : 64MB | ??????? ??? : 107W | ????????? ?????????? ??? ??? ????? : TSMC 5nm FinFET | ????????? ?????????? ??? ?/? ??? : TSMC 6nm FinFET | ??? ?????? : AM5 | ???. ????????? ??????????? (?????) : 95°C | ?????? ?????? ??? : DDR5 | ???????? ????? : AMD Radeon™ Graphics', 124000.00, 124000.00, '3 year Warranty', 'In Stock', 5, 1, 'ProductImages/byhTKaqRgpmz317jP1IP.webp', '2025-05-03 08:22:14', '2025-05-03 08:26:01', NULL, NULL),
	(50, 'INTEL CORE I9-14900K PROCESSOR 36M CACHE UP TO 6 GHZ (32 THREADS, 24 CORES) DESKTOP PROCESSOR - (3 YEARS WARRANTY) WITHOUT BOX', 'INTEL', 'PROCESSOR', 'New Arrivals', '??????? ?????????? : 14th Generation Intel® Core™ i9 Processors | ????????? ?????? : i9-14900K | ????? ????? : 24 | # ?? ???????????-????? : 8 | # ?? ?????????-????? : 12 | ????? ??????? : 32 | ??? ????? ????????? : 6 GHz | ?????® ??????? ???????? ????? ????????? : 6 GHz |  ?????® ????? ????? ??? ?????????? ?.? ????????? : 5.8 GHz | ???????????-???? ??? ????? ????????? : 5.60 GHz | ?????????-???? ??? ????? ????????? : 4.4 GHz | ???????????-???? ???? ????????? : 3.20 GHz | ?????????-???? ???? ????????? : 2.4 GHz | ????? : 36 MB Intel® Smart Cache', 153000.00, 153000.00, '3 year Warranty', 'In Stock', 5, 1, 'ProductImages/fqAxdOkBXCl9YI0J4PO2.jpg', '2025-05-03 08:34:33', '2025-05-03 08:34:33', NULL, NULL),
	(51, 'INTEL CORE I9-14900K PROCESSOR 36M CACHE UP TO 6 GHZ (32 THREADS, 24 CORES) DESKTOP PROCESSOR - (3 YEARS WARRANTY)', 'INTEL', 'PROCESSOR', 'New Arrivals', '??????? ?????????? : 14th Generation Intel® Core™ i9 Processors | ????????? ?????? : i9-14900K | ????? ????? : 24 | # ?? ???????????-????? : 8 | # ?? ?????????-????? : 12 | ????? ??????? : 32 | ??? ????? ????????? : 6 GHz | ?????® ??????? ???????? ????? ????????? : 6 GHz | ?????® ????? ????? ??? ?????????? ?.? ????????? : 5.8 GHz | ???????????-???? ??? ????? ????????? : 5.60 GHz | ?????????-???? ??? ????? ????????? : 4.4 GHz | ???????????-???? ???? ????????? : 3.20 GHz | ?????????-???? ???? ????????? : 2.4 GHz | ????? : 36 MB Intel® Smart Cache', 153999.90, 154000.00, '3 year Warranty', 'In Stock', 5, 1, 'ProductImages/89PoS1AAIJuuR8DAfVWs.jpg', '2025-05-03 08:36:58', '2025-05-03 08:36:58', NULL, NULL),
	(52, 'AMD RYZEN 9 9900X (12 CORES, 24 THREADS) UP TO 5.6GHZ DESKTOP PROCESSOR (3-YEAR WARRANTY)', 'Ryzen 9', 'PROCESSOR', 'New Arrivals', '??????? : AMD Ryzen™ Processors | ??????? ???? : AMD Ryzen™ 9 9000 Series Desktop Processors | # ?? ??? ????? : 12 | # ?? ??????? : 24 | ???. ????? ????? : Up to 5.6GHz | ???? ????? : 4.4GHz | ?? ????? : 960KB | ?? ????? : 12MB | ?? ????? : 64MB | ??????? ??? : 120W | ????????? ?????????? ??? ??? ????? : TSMC 4nm FinFET | ????????? ?????????? ??? ?/? ??? : TSMC 6nm FinFET | ??? ?????? : AM5 | ???. ????????? ??????????? (?????) : 95°C | ?????? ?????? ??? : DDR5 | ???????? ????? : AMD Radeon™ Graphics', 155000.00, 155000.00, '3 year Warranty', 'In Stock', 5, 1, 'ProductImages/3xHPQT6NDjXw2GFgVCU2.jpg', '2025-05-03 09:06:28', '2025-05-03 09:06:28', NULL, NULL),
	(53, 'AMD RYZEN 7 7800X3D (8 CORES, 16 THREADS) UP TO 4.2GHZ DESKTOP PROCESSOR (3 YEARS WARRANTY) - WITHOUT BOX', 'Ryzen 7', 'PROCESSOR', 'New Arrivals', '??????? : AMD Ryzen™ Processors | ??????? ???? : AMD Ryzen™ 7 7000 Series Desktop Processors | # ?? ??? ????? : 8 | # ?? ??????? : 16 | ???. ????? ????? : Up to 5GHz | ???? ????? : 4.2GHz | ?? ????? : 512KB | ?? ????? : 8MB | ?? ????? : 96MB | ??????? ??? : 120W | ????????? ?????????? ??? ??? ????? : TSMC 5nm FinFET | ????????? ?????????? ??? ?/? ??? : TSMC 6nm FinFET | ??? ?????? : AM5 | ???. ????????? ??????????? (?????) : 95°C | ?????? ?????? ??? : DDR5 | ???????? ????? : AMD Radeon™ Graphics', 161000.00, 161000.00, '3 year Warranty', 'In Stock', 5, 1, 'ProductImages/vEWEvU8ML1OGvRiL9Jz2.webp', '2025-05-03 09:47:47', '2025-05-03 10:09:55', NULL, NULL),
	(54, 'AMD RYZEN 9 7950X (16 CORES, 32 THREADS) UP TO 5.7GHZ DESKTOP PROCESSOR (3 YEARS WARRANTY) - WITHOUT BOX', 'Ryzen 9', 'PROCESSOR', 'New Arrivals', '??????? : AMD Ryzen™ Processors | ??????? ???? : AMD Ryzen™ 9 7000 Series Desktop Processors | # ?? ??? ????? : 16 | # ?? ??????? : 32 | ???. ????? ????? : Up to 5.7GHz | ???? ????? : 4.5GHz | ?? ????? : 1 MB | ?? ????? : 16 MB | ?? ????? : 64 MB | ??????? ??? : 170W | ????????? ?????????? ??? ??? ????? : TSMC 5nm FinFET | ????????? ?????????? ??? ?/? ??? : TSMC 6nm FinFET | ??? ?????? : AM5 | ???. ????????? ??????????? (?????) : 95°C | ?????? ?????? ??? : DDR5 | ???????? ????? : AMD Radeon™ Graphics', 162000.00, 162000.00, '3 year Warranty', 'In Stock', 5, 1, 'ProductImages/sKfDtD2TnXp14zSSEmSL.jpg', '2025-05-03 09:52:51', '2025-05-03 09:52:51', NULL, NULL),
	(55, 'INTEL CORE ULTRA 9 PROCESSOR 285K 40MB CACHE UP TO 5.7 GHZ (24 THREADS, 24 CORES) DESKTOP PROCESSOR (3 YEARS WARRANTY) - WITHOUT BOX', 'INTEL', 'PROCESSOR', 'New Arrivals', '??????? ?????????? : Intel® Core™ Ultra 9 Processor 285K | ????? ????? : 24 | # ?? ???????????-????? : 8 | # ?? ?????????-????? : 16 | ????? ??????? : 24 | ??? ????? ????????? : 5.70 GHz | ?????® ????? ????? ??? ?????????? ?.? ????????? : 5.6 GHz | ???????????-???? ??? ????? ????????? : 5.50 GHz | ?????????-???? ??? ????? ????????? : 4.6 GHz | ???????????-???? ???? ????????? : 3.90 GHz | ?????????-???? ???? ????????? : 3.3 GHz | ????? : 33 MB Intel® Smart Cache | ????? ?? ????? : 36 MB | ????????? ???? ????? : 65 W | ??????? ????? ????? : 250 W | ????????? ???? ????? : 125 W', 193000.00, 193000.00, '3 year Warranty', 'In Stock', 5, 1, 'ProductImages/YWYe0fjc1Oq0s2aEgned.webp', '2025-05-03 10:00:05', '2025-05-03 10:00:05', NULL, NULL),
	(56, 'AMD RYZEN 9 7950X3D (16 CORES, 32 THREADS) UP TO 5.7GHZ DESKTOP PROCESSOR (3 YEARS WARRANTY) - WITHOUT BOX', 'Ryzen 9', 'PROCESSOR', 'New Arrivals', '??????? : AMD Ryzen™ Processors | ??????? ???? : AMD Ryzen™ 9 7000 Series Desktop Processors | # ?? ??? ????? : 16 | # ?? ??????? : 32 | ???. ????? ????? : Up to 5.7GHz | ???? ????? : 4.2GHz | ?? ????? : 1MB | ?? ????? : 16MB | ?? ????? : 128MB | ??????? ??? : 120W | ????????? ?????????? ??? ??? ????? : TSMC 5nm FinFET | ????????? ?????????? ??? ?/? ??? : TSMC 6nm FinFET | ??? ?????? : AM5 | ???. ????????? ??????????? (?????) : 95°C | ?????? ?????? ??? : DDR5 | ???????? ????? : AMD Radeon™ Graphics', 205000.00, 205000.00, '3 year Warranty', 'In Stock', 5, 1, 'ProductImages/kytU3Y8DnjqMZHn0z7GV.webp', '2025-05-03 10:04:32', '2025-05-03 10:04:32', NULL, NULL),
	(57, 'AMD RYZEN 7 9800X3D (8 CORES, 16 THREADS) UP TO 5.2GHZ DESKTOP PROCESSOR (3 YEARS WARRANTY) - WITHOUT BOX', 'Ryzen 7', 'PROCESSOR', 'New Arrivals', '??????? : AMD Ryzen™ Processors | ??????? ???? : AMD Ryzen™ 7 9000 Series Desktop Processors | # ?? ??? ????? : 8 | # ?? ??????? : 16 | ???. ????? ????? : Up to 5.2GHz | ???? ????? : 4.7GHz | ?? ????? : 640KB | ?? ????? : 8MB | ?? ????? : 96MB | ??????? ??? : 120W | ????????? ?????????? ??? ??? ????? : TSMC 4nm FinFET | ????????? ?????????? ??? ?/? ??? : TSMC 6nm FinFET | ??? ?????? : AM5 | ???. ????????? ??????????? (?????) : 95°C | ?????? ?????? ??? : DDR5 | ???????? ????? : AMD Radeon™ Graphics', 206000.00, 206000.00, '3 year Warranty', 'In Stock', 5, 1, 'ProductImages/mdrxsgYGOij0mxpEiInp.webp', '2025-05-03 10:08:30', '2025-05-03 10:08:30', NULL, NULL),
	(58, 'AMD RYZEN 9 9950X (16 CORES, 32 THREADS) UP TO 5.7GHZ DESKTOP PROCESSOR (3 YEARS WARRANTY)', 'Ryzen 9', 'PROCESSOR', 'New Arrivals', '??????? : AMD Ryzen™ Processors | ??????? ???? : AMD Ryzen™ 9 9000 Series Desktop Processors | # ?? ??? ????? : 16 | # ?? ??????? : 32 | ???. ????? ????? : Up to 5.7GHz | ???? ????? : 4.3GHz | ?? ????? : 1280KB | ?? ????? : 16MB | ?? ????? : 64MB | ??????? ??? : 170W | ????????? ?????????? ??? ??? ????? : TSMC 4nm FinFET | ????????? ?????????? ??? ?/? ??? : TSMC 6nm FinFET | ??? ?????? : AM5 | ???. ????????? ??????????? (?????) : 95°C | ?????? ?????? ??? : DDR5 | ???????? ????? : AMD Radeon™ Graphics', 218000.00, 218000.00, '3 year Warranty', 'In Stock', 5, 1, 'ProductImages/q7Cr2ORbq6btaUUya3mG.png', '2025-05-03 10:12:23', '2025-05-03 10:12:23', NULL, NULL);

-- Dumping structure for table udarata_computers2.product_features
CREATE TABLE IF NOT EXISTS `product_features` (
  `id` int NOT NULL AUTO_INCREMENT,
  `product_id` int NOT NULL,
  `feature_name` varchar(255) CHARACTER SET utf8 COLLATE utf8_bin NOT NULL,
  `feature_value` text CHARACTER SET utf8 COLLATE utf8_bin NOT NULL,
  `created_at` timestamp NOT NULL DEFAULT CURRENT_TIMESTAMP,
  `updated_at` timestamp NOT NULL DEFAULT CURRENT_TIMESTAMP ON UPDATE CURRENT_TIMESTAMP,
  PRIMARY KEY (`id`),
  KEY `product_id` (`product_id`),
  CONSTRAINT `product_features_ibfk_1` FOREIGN KEY (`product_id`) REFERENCES `products` (`id`) ON DELETE CASCADE
) ENGINE=InnoDB AUTO_INCREMENT=13 DEFAULT CHARSET=utf8mb3 COLLATE=utf8_bin;

-- Dumping data for table udarata_computers2.product_features: ~0 rows (approximately)
INSERT INTO `product_features` (`id`, `product_id`, `feature_name`, `feature_value`, `created_at`, `updated_at`) VALUES
	(3, 8, 'Capacity', '256GB', '2025-02-20 02:02:19', '2025-02-20 02:02:19'),
	(4, 9, 'Warranty', '1 year', '2025-02-24 22:05:41', '2025-02-24 22:05:41'),
	(5, 9, 'Compatibility', 'PS4, PS3, iOS 13.0+, Android 10.0+', '2025-02-24 22:06:03', '2025-02-24 22:06:03'),
	(6, 9, 'Connectivity', 'Bluetooth 4.2 & Wired', '2025-02-24 22:06:33', '2025-02-24 22:06:33'),
	(7, 9, 'Motion Control', '6-Axis Sensor', '2025-02-24 22:06:49', '2025-02-24 22:06:49'),
	(8, 15, 'abcde', 'abbb', '2025-02-26 10:14:19', '2025-02-26 10:14:19'),
	(10, 1, 'abcddd', 'ssss', '2025-03-14 05:11:18', '2025-03-14 05:11:18'),
	(11, 15, 'Display', 'Super Retina XDR display', '2025-04-11 05:49:42', '2025-04-11 05:49:42'),
	(12, 8, 'Display', 'Always-On display', '2025-04-11 05:50:35', '2025-04-11 05:50:35');

-- Dumping structure for table udarata_computers2.product_images
CREATE TABLE IF NOT EXISTS `product_images` (
  `id` bigint unsigned NOT NULL AUTO_INCREMENT,
  `product_id` bigint unsigned NOT NULL,
  `image_path` varchar(255) CHARACTER SET utf8 COLLATE utf8_bin NOT NULL,
  `created_at` timestamp NULL DEFAULT NULL,
  `updated_at` timestamp NULL DEFAULT NULL,
  PRIMARY KEY (`id`)
) ENGINE=InnoDB AUTO_INCREMENT=77 DEFAULT CHARSET=utf8mb3 COLLATE=utf8_bin;

-- Dumping data for table udarata_computers2.product_images: ~49 rows (approximately)
INSERT INTO `product_images` (`id`, `product_id`, `image_path`, `created_at`, `updated_at`) VALUES
	(13, 2, 'OtherImage/CQ9tvgKbwMT7K9uaTary.jpg', '2025-04-24 10:32:01', '2025-04-24 10:32:01'),
	(14, 2, 'OtherImage/XhVau6REfWc3W9b1vlW8.jpg', '2025-04-24 10:32:11', '2025-04-24 10:32:11'),
	(22, 1, 'OtherImage/Fn4vTE6MsVWYNHZKTfkl.png', '2025-04-24 10:39:03', '2025-04-24 10:39:03'),
	(23, 1, 'OtherImage/JdNyceJtM1QgKgjB6xDM.jpg', '2025-04-24 10:39:25', '2025-04-24 10:39:25'),
	(29, 3, 'OtherImage/wkPH0GCoa0amrpsjvSKQ.png', '2025-04-24 10:51:37', '2025-04-24 10:51:37'),
	(30, 3, 'OtherImage/2YP9jgsmcnLwnq40okiA.jpeg', '2025-04-24 10:52:30', '2025-04-24 10:52:30'),
	(31, 4, 'OtherImage/aivkdFBwYpNDQ4CYRfwo.jpg', '2025-04-24 11:13:32', '2025-04-24 11:13:32'),
	(32, 4, 'OtherImage/VZ5GcyUippn9aEicHLxx.jpg', '2025-04-24 11:13:39', '2025-04-24 11:13:39'),
	(33, 9, 'OtherImage/bc3cvtBanSw5px7nVkwu.jpg', '2025-04-24 12:17:28', '2025-04-24 12:17:28'),
	(34, 14, 'OtherImage/kvaOwIf7eP4zIgT8Qlrx.webp', '2025-04-25 10:15:22', '2025-04-25 10:15:22'),
	(35, 14, 'OtherImage/7rbaqC3wqIopNXjgnz3d.png', '2025-04-25 10:15:31', '2025-04-25 10:15:31'),
	(36, 20, 'OtherImage/NJE2dapuawrWWbv7MNMW.jpg', '2025-04-29 09:50:47', '2025-04-29 09:50:47'),
	(37, 21, 'OtherImage/08s2j7INrfasQr90UKFF.jpg', '2025-04-29 09:51:08', '2025-04-29 09:51:08'),
	(38, 22, 'OtherImage/Fi6eYMnkgbxuPIetpe7y.jpg', '2025-04-29 09:51:35', '2025-04-29 09:51:35'),
	(39, 24, 'OtherImage/nob3Xcyc9ghfUYL8BA3F.jpg', '2025-04-29 11:15:52', '2025-04-29 11:15:52'),
	(40, 25, 'OtherImage/QitNWZCKMQFWv4irxr8I.jpg', '2025-04-29 11:22:55', '2025-04-29 11:22:55'),
	(41, 26, 'OtherImage/rn5dBPVJsJaSaratOMBV.jpg', '2025-04-29 11:43:58', '2025-04-29 11:43:58'),
	(42, 27, 'OtherImage/F5guHR9hlzadwputqm3N.jpg', '2025-04-29 11:51:06', '2025-04-29 11:51:06'),
	(43, 28, 'OtherImage/sLsF3nWcV1RjTzX2mY4b.jpg', '2025-04-29 11:55:53', '2025-04-29 11:55:53'),
	(44, 29, 'OtherImage/ptNDtb6VBYRQGIQwzdeP.jpg', '2025-04-29 12:00:30', '2025-04-29 12:00:30'),
	(45, 30, 'OtherImage/yQHcx6vs2J5ZMRCyifjt.jpg', '2025-04-29 12:08:58', '2025-04-29 12:08:58'),
	(46, 31, 'OtherImage/aFw8cYhHcLCs8c6hRqOW.jpg', '2025-04-29 12:16:02', '2025-04-29 12:16:02'),
	(47, 32, 'OtherImage/bqxIff5vc5hhugDRbE9T.jpg', '2025-04-29 12:21:13', '2025-04-29 12:21:13'),
	(48, 33, 'OtherImage/sBMDXJfjzjgpTYeiTP47.jpg', '2025-04-29 12:30:18', '2025-04-29 12:30:18'),
	(49, 34, 'OtherImage/0q7Mm7ePSTV7uVrbj2Zr.jpg', '2025-04-29 12:34:16', '2025-04-29 12:34:16'),
	(50, 35, 'OtherImage/kmEbswJcm3Q19UpmtjpK.jpg', '2025-04-29 12:40:04', '2025-04-29 12:40:04'),
	(51, 36, 'OtherImage/N3yL9WgZ8kf7itMYos7Q.jpg', '2025-04-29 13:00:00', '2025-04-29 13:00:00'),
	(52, 37, 'OtherImage/5lvqwA3bgFQjy9C55Rdl.jpg', '2025-04-30 11:44:22', '2025-04-30 11:44:22'),
	(53, 38, 'OtherImage/HqBIMde9jF0SFxdxaIkP.jpg', '2025-04-30 11:49:32', '2025-04-30 11:49:32'),
	(54, 39, 'OtherImage/t6KltLWP3ujzWohWn2bh.jpg', '2025-04-30 11:58:47', '2025-04-30 11:58:47'),
	(55, 40, 'OtherImage/ciflS9arwOqf1XfKUm6q.jpg', '2025-04-30 12:02:01', '2025-04-30 12:02:01'),
	(56, 41, 'OtherImage/UGUCUfttrZLgEim5GRPX.jpg', '2025-04-30 12:05:37', '2025-04-30 12:05:37'),
	(57, 42, 'OtherImage/ivej8lFrVaLHcSyCAV8r.jpg', '2025-04-30 12:10:49', '2025-04-30 12:10:49'),
	(58, 43, 'OtherImage/IGK1NRdD0IWSwztkDO1q.webp', '2025-04-30 12:18:48', '2025-04-30 12:18:48'),
	(59, 44, 'OtherImage/izVIB7fissTt4dkK5xRp.webp', '2025-04-30 12:27:05', '2025-04-30 12:27:05'),
	(60, 45, 'OtherImage/JHhtASpjjKUXdKZn22rt.jpg', '2025-04-30 12:32:50', '2025-04-30 12:32:50'),
	(61, 46, 'OtherImage/eq7CwU1xezOb879wovg6.jpg', '2025-04-30 12:39:23', '2025-04-30 12:39:23'),
	(64, 47, 'OtherImage/Gs0SbynDxCe1XvCYiJUg.jpg', '2025-04-30 12:49:24', '2025-04-30 12:49:24'),
	(66, 48, 'OtherImage/K0Hcnswzx6NRDitfeDEp.jpg', '2025-04-30 12:56:16', '2025-04-30 12:56:16'),
	(67, 49, 'OtherImage/6sQHRTZTD3jxiFlpkmhL.webp', '2025-05-03 08:24:19', '2025-05-03 08:24:19'),
	(68, 50, 'OtherImage/wKKRccQ4ms0PeMo0oI8Q.jpg', '2025-05-03 08:35:17', '2025-05-03 08:35:17'),
	(69, 51, 'OtherImage/SDiTQwA6urR08jTw4e84.jpg', '2025-05-03 08:37:20', '2025-05-03 08:37:20'),
	(70, 52, 'OtherImage/RJ3uaDGtsRFMiLpcq1uG.webp', '2025-05-03 09:06:59', '2025-05-03 09:06:59'),
	(71, 53, 'OtherImage/quZJWJ3E6gw5OXKFFjaZ.webp', '2025-05-03 09:48:36', '2025-05-03 09:48:36'),
	(72, 54, 'OtherImage/ksui6yFP2DaRz71CxwQz.webp', '2025-05-03 09:54:07', '2025-05-03 09:54:07'),
	(73, 55, 'OtherImage/Otktl1PKyKyca3I12E9z.jpg', '2025-05-03 10:00:50', '2025-05-03 10:00:50'),
	(74, 56, 'OtherImage/9OyB4iNQSWHDJEaBBcjB.webp', '2025-05-03 10:04:58', '2025-05-03 10:04:58'),
	(75, 57, 'OtherImage/nA3SneQjk4dv9xRG7Suj.webp', '2025-05-03 10:09:02', '2025-05-03 10:09:02'),
	(76, 58, 'OtherImage/Q7Q4LK6cLbk4wsnhNa9k.webp', '2025-05-03 10:12:54', '2025-05-03 10:12:54');

-- Dumping structure for table udarata_computers2.product_status
CREATE TABLE IF NOT EXISTS `product_status` (
  `id` int NOT NULL AUTO_INCREMENT,
  `status_name` varchar(100) CHARACTER SET utf8 COLLATE utf8_bin NOT NULL,
  PRIMARY KEY (`id`)
) ENGINE=InnoDB AUTO_INCREMENT=4 DEFAULT CHARSET=utf8mb3 COLLATE=utf8_bin;

-- Dumping data for table udarata_computers2.product_status: ~0 rows (approximately)
INSERT INTO `product_status` (`id`, `status_name`) VALUES
	(1, 'Active'),
	(2, 'Inactive');

-- Dumping structure for table udarata_computers2.product_tags
CREATE TABLE IF NOT EXISTS `product_tags` (
  `id` int NOT NULL AUTO_INCREMENT,
  `product_id` int DEFAULT NULL,
  `tag_name` varchar(100) CHARACTER SET utf8 COLLATE utf8_bin DEFAULT NULL,
  PRIMARY KEY (`id`),
  KEY `product_id` (`product_id`),
  CONSTRAINT `product_tags_ibfk_1` FOREIGN KEY (`product_id`) REFERENCES `products` (`id`) ON DELETE CASCADE
) ENGINE=InnoDB AUTO_INCREMENT=2 DEFAULT CHARSET=utf8mb3 COLLATE=utf8_bin;

-- Dumping data for table udarata_computers2.product_tags: ~0 rows (approximately)
INSERT INTO `product_tags` (`id`, `product_id`, `tag_name`) VALUES
	(1, 1, 'Top Rated');

-- Dumping structure for table udarata_computers2.reviews
CREATE TABLE IF NOT EXISTS `reviews` (
  `id` bigint unsigned NOT NULL,
  `product_id` bigint unsigned NOT NULL,
  `name` varchar(255) COLLATE utf8_bin NOT NULL,
  `email` varchar(255) COLLATE utf8_bin NOT NULL,
  `rating` int unsigned NOT NULL,
  `message` text COLLATE utf8_bin NOT NULL,
  `status` int DEFAULT NULL,
  `created_at` timestamp NULL DEFAULT NULL,
  `updated_at` timestamp NULL DEFAULT NULL,
  CONSTRAINT `reviews_chk_1` CHECK ((`rating` between 1 and 5))
) ENGINE=InnoDB DEFAULT CHARSET=utf8mb3 COLLATE=utf8_bin;

-- Dumping data for table udarata_computers2.reviews: ~8 rows (approximately)
INSERT INTO `reviews` (`id`, `product_id`, `name`, `email`, `rating`, `message`, `status`, `created_at`, `updated_at`) VALUES
	(1, 1, 'ABC', 'abc@gmail.com', 1, 'Good', 1, '2025-04-29 08:58:24', '2025-04-29 08:58:24'),
	(2, 1, 'BCD', 'bcd@gmail.com', 5, 'Nice product', 1, '2025-04-29 08:59:26', '2025-04-29 08:59:26'),
	(3, 1, 'THISARA', 'thisara.a2001@gmail.com', 1, 'ABCDE', 1, '2025-04-29 09:02:54', '2025-04-29 09:02:54'),
	(4, 3, 'Max', 'max@gmail.com', 1, 'Good Product', 1, '2025-04-29 09:08:00', '2025-04-29 09:08:00'),
	(5, 2, 'Sunil', 'sunil@gmail.com', 4, 'Good Product', 2, '2025-04-29 09:08:58', '2025-04-29 10:01:29'),
	(6, 2, 'Nimal', 'nimal@gmail.com', 1, 'Nice Product', 2, '2025-04-29 09:12:02', '2025-04-29 10:01:24'),
	(7, 4, 'Nimaali', 'nimali@gmail.com', 5, 'Nice product', 2, '2025-04-29 09:15:12', '2025-04-29 10:01:19'),
	(8, 2, 'Nimlka', 'abc@gmail.com', 4, 'Nice', 2, '2025-04-29 09:51:43', '2025-04-29 09:53:19');

-- Dumping structure for table udarata_computers2.users
CREATE TABLE IF NOT EXISTS `users` (
  `id` bigint unsigned NOT NULL AUTO_INCREMENT,
  `name` varchar(255) CHARACTER SET utf8 COLLATE utf8_bin NOT NULL,
  `email` varchar(255) CHARACTER SET utf8 COLLATE utf8_bin NOT NULL,
  `email_verified_at` timestamp NULL DEFAULT NULL,
  `password` varchar(255) CHARACTER SET utf8 COLLATE utf8_bin NOT NULL,
  `remember_token` varchar(100) CHARACTER SET utf8 COLLATE utf8_bin DEFAULT NULL,
  `created_at` timestamp NULL DEFAULT NULL,
  `updated_at` timestamp NULL DEFAULT NULL,
  PRIMARY KEY (`id`),
  UNIQUE KEY `users_email_unique` (`email`)
) ENGINE=InnoDB AUTO_INCREMENT=4 DEFAULT CHARSET=utf8mb3 COLLATE=utf8_bin;

-- Dumping data for table udarata_computers2.users: ~0 rows (approximately)
INSERT INTO `users` (`id`, `name`, `email`, `email_verified_at`, `password`, `remember_token`, `created_at`, `updated_at`) VALUES
	(1, 'Udarata', 'udaratacomputers@gmail.com', NULL, '$2y$10$yn41X30cmv3WBQ0.UFaip.JbBMxJaShIPZ4ZrqGWuStpaCQ1z9bti', 'i22r5FSMCv1rJ2Swrj11GgIoZDKX7xIstyJxlX2dctIvZnEe6EFyDpRLSW1g', '2025-01-23 05:27:35', '2025-04-18 18:50:24'),
	(2, 'admin', 'admin1@gmail.com', NULL, '$2y$10$KYqhM5R/rmpnoMzbup7tU./97Nmre2xlLfmIbekVC4IHVHHJ2jgHW', NULL, '2025-02-12 20:32:26', '2025-02-12 20:32:26'),
	(3, 'admin', 'admin2@gmail.com', NULL, '$2y$10$UmNm07/.QVkgPsesc9Oa1uqm/sbyBiwlTce09.HmyiY3FP6j6zZwm', NULL, '2025-02-13 02:49:11', '2025-02-13 02:49:11');

/*!40103 SET TIME_ZONE=IFNULL(@OLD_TIME_ZONE, 'system') */;
/*!40101 SET SQL_MODE=IFNULL(@OLD_SQL_MODE, '') */;
/*!40014 SET FOREIGN_KEY_CHECKS=IFNULL(@OLD_FOREIGN_KEY_CHECKS, 1) */;
/*!40101 SET CHARACTER_SET_CLIENT=@OLD_CHARACTER_SET_CLIENT */;
/*!40111 SET SQL_NOTES=IFNULL(@OLD_SQL_NOTES, 1) */;
